what,kind,bundleId,bundleVersion,description,time
deactivated,workbench,org.eclipse.ui.workbench,3.6.2.M20110210-1200,"",1302117629227
activated,workbench,org.eclipse.ui.workbench,3.6.2.M20110210-1200,"",1302117634849
executed,command,org.eclipse.ui,3.6.2.M20110203-1100,"org.eclipse.ui.file.save",1302117640247
deactivated,workbench,org.eclipse.ui.workbench,3.6.2.M20110210-1200,"",1302117641997
activated,workbench,org.eclipse.ui.workbench,3.6.2.M20110210-1200,"",1302117653965
executed,command,org.eclipse.ui,3.6.2.M20110203-1100,"org.eclipse.ui.file.save",1302117677062
deactivated,workbench,org.eclipse.ui.workbench,3.6.2.M20110210-1200,"",1302117678534
activated,workbench,org.eclipse.ui.workbench,3.6.2.M20110210-1200,"",1302117717180
executed,command,org.eclipse.ui,3.6.2.M20110203-1100,"org.eclipse.ui.edit.cut",1302117742911
executed,command,org.eclipse.ui,3.6.2.M20110203-1100,"org.eclipse.ui.edit.paste",1302117745111
executed,command,org.eclipse.ui,3.6.2.M20110203-1100,"org.eclipse.ui.edit.undo",1302117779680
executed,command,org.eclipse.ui,3.6.2.M20110203-1100,"org.eclipse.ui.file.save",1302117795404
deactivated,workbench,org.eclipse.ui.workbench,3.6.2.M20110210-1200,"",1302117797570
activated,workbench,org.eclipse.ui.workbench,3.6.2.M20110210-1200,"",1302117811201
executed,command,org.eclipse.ui,3.6.2.M20110203-1100,"org.eclipse.ui.edit.undo",1302117830482
executed,command,org.eclipse.ui,3.6.2.M20110203-1100,"org.eclipse.ui.file.save",1302117834017
deactivated,workbench,org.eclipse.ui.workbench,3.6.2.M20110210-1200,"",1302117835293
activated,workbench,org.eclipse.ui.workbench,3.6.2.M20110210-1200,"",1302117863856
executed,command,org.eclipse.ui,3.6.2.M20110203-1100,"org.eclipse.ui.file.save",1302117889159
deactivated,workbench,org.eclipse.ui.workbench,3.6.2.M20110210-1200,"",1302117891678
activated,workbench,org.eclipse.ui.workbench,3.6.2.M20110210-1200,"",1302118031129
executed,command,org.eclipse.wst.sse.ui,1.2.3.v201102102045,"org.eclipse.wst.sse.ui.format.active.elements",1302118160026
executed,command,org.eclipse.ui,3.6.2.M20110203-1100,"org.eclipse.ui.file.save",1302118198206
deactivated,workbench,org.eclipse.ui.workbench,3.6.2.M20110210-1200,"",1302118199842
activated,workbench,org.eclipse.ui.workbench,3.6.2.M20110210-1200,"",1302118220037
executed,command,org.eclipse.ui,3.6.2.M20110203-1100,"org.eclipse.ui.file.save",1302118225507
deactivated,workbench,org.eclipse.ui.workbench,3.6.2.M20110210-1200,"",1302118227172
activated,workbench,org.eclipse.ui.workbench,3.6.2.M20110210-1200,"",1302118237585
executed,command,org.eclipse.ui,3.6.2.M20110203-1100,"org.eclipse.ui.file.save",1302118287893
deactivated,workbench,org.eclipse.ui.workbench,3.6.2.M20110210-1200,"",1302118301553
activated,workbench,org.eclipse.ui.workbench,3.6.2.M20110210-1200,"",1302118447971
executed,command,org.eclipse.ui,3.6.2.M20110203-1100,"org.eclipse.ui.file.save",1302118457259
deactivated,workbench,org.eclipse.ui.workbench,3.6.2.M20110210-1200,"",1302118458541
activated,workbench,org.eclipse.ui.workbench,3.6.2.M20110210-1200,"",1302118488075
executed,command,org.eclipse.ui,3.6.2.M20110203-1100,"org.eclipse.ui.file.save",1302118496604
deactivated,workbench,org.eclipse.ui.workbench,3.6.2.M20110210-1200,"",1302118498456
activated,workbench,org.eclipse.ui.workbench,3.6.2.M20110210-1200,"",1302118499258
deactivated,workbench,org.eclipse.ui.workbench,3.6.2.M20110210-1200,"",1302118499932
activated,workbench,org.eclipse.ui.workbench,3.6.2.M20110210-1200,"",1302118602400
deactivated,workbench,org.eclipse.ui.workbench,3.6.2.M20110210-1200,"",1302118625484
activated,workbench,org.eclipse.ui.workbench,3.6.2.M20110210-1200,"",1302118626043
deactivated,workbench,org.eclipse.ui.workbench,3.6.2.M20110210-1200,"",1302118626413
activated,workbench,org.eclipse.ui.workbench,3.6.2.M20110210-1200,"",1302118712425
deactivated,workbench,org.eclipse.ui.workbench,3.6.2.M20110210-1200,"",1302118722150
activated,workbench,org.eclipse.ui.workbench,3.6.2.M20110210-1200,"",1302118807205
deactivated,workbench,org.eclipse.ui.workbench,3.6.2.M20110210-1200,"",1302118989788
activated,workbench,org.eclipse.ui.workbench,3.6.2.M20110210-1200,"",1302119026528
deactivated,workbench,org.eclipse.ui.workbench,3.6.2.M20110210-1200,"",1302119029918
activated,workbench,org.eclipse.ui.workbench,3.6.2.M20110210-1200,"",1302119072995
executed,command,org.eclipse.ui,3.6.2.M20110203-1100,"org.eclipse.ui.edit.cut",1302119083680
activated,perspective,org.eclipse.php.ui,,"org.eclipse.php.perspective",1302806962678
started,bundle,org.eclipse.osgi,3.6.2.R36x_v20110210,"org.eclipse.osgi",1302806962680
started,bundle,org.eclipse.equinox.simpleconfigurator,1.0.200.v20100503,"org.eclipse.equinox.simpleconfigurator",1302806962719
started,bundle,com.ibm.icu,4.2.1.v20100412,"com.ibm.icu",1302806962737
started,bundle,org.eclipse.core.contenttype,3.4.100.v20100505-1235,"org.eclipse.core.contenttype",1302806962774
started,bundle,org.eclipse.core.databinding.observable,1.3.0.I20100601-0800,"org.eclipse.core.databinding.observable",1302806962800
started,bundle,org.eclipse.core.expressions,3.4.200.v20100505,"org.eclipse.core.expressions",1302806962827
started,bundle,org.eclipse.core.filebuffers,3.5.100.v20100520-0800,"org.eclipse.core.filebuffers",1302806962845
started,bundle,org.eclipse.core.filesystem,1.3.1.R36x_v20100727-0745,"org.eclipse.core.filesystem",1302806962852
started,bundle,org.eclipse.core.jobs,3.5.1.R36x_v20100824,"org.eclipse.core.jobs",1302806962866
started,bundle,org.eclipse.core.net,1.2.100.I20100511-0800,"org.eclipse.core.net",1302806962901
started,bundle,org.eclipse.core.resources,3.6.1.R36x_v20110131-1630,"org.eclipse.core.resources",1302806962913
started,bundle,org.eclipse.core.runtime,3.6.0.v20100505,"org.eclipse.core.runtime",1302806962943
started,bundle,org.eclipse.core.runtime.compatibility,3.2.100.v20100505,"org.eclipse.core.runtime.compatibility",1302806962964
started,bundle,org.eclipse.core.runtime.compatibility.auth,3.2.200.v20100517,"org.eclipse.core.runtime.compatibility.auth",1302806962991
started,bundle,org.eclipse.debug.core,3.6.0.v20100519,"org.eclipse.debug.core",1302806963016
started,bundle,org.eclipse.dltk.core,2.0.1.v20100806-1245,"org.eclipse.dltk.core",1302806963041
started,bundle,org.eclipse.dltk.core.index.sql,2.0.1.v20100909-1720,"org.eclipse.dltk.core.index.sql",1302806963064
started,bundle,org.eclipse.dltk.launching,2.0.0.v20100806-1245,"org.eclipse.dltk.launching",1302806963079
started,bundle,org.eclipse.dltk.ui,2.0.0.v20100909-1720,"org.eclipse.dltk.ui",1302806963110
started,bundle,org.eclipse.epp.usagedata.gathering,1.3.1.R201102081640,"org.eclipse.epp.usagedata.gathering",1302806963111
started,bundle,org.eclipse.epp.usagedata.recording,1.3.1.R201102081640,"org.eclipse.epp.usagedata.recording",1302806963126
started,bundle,org.eclipse.equinox.app,1.3.1.R36x_v20100803,"org.eclipse.equinox.app",1302806963143
started,bundle,org.eclipse.equinox.common,3.6.0.v20100503,"org.eclipse.equinox.common",1302806963156
started,bundle,org.eclipse.equinox.ds,1.2.1.R36x_v20100803,"org.eclipse.equinox.ds",1302806963164
started,bundle,org.eclipse.equinox.event,1.2.0.v20100503,"org.eclipse.equinox.event",1302806963172
started,bundle,org.eclipse.equinox.p2.core,2.0.3.R36x_v20110111,"org.eclipse.equinox.p2.core",1302806963223
started,bundle,org.eclipse.equinox.p2.directorywatcher,1.0.203.R36x_v20101220,"org.eclipse.equinox.p2.directorywatcher",1302806963229
started,bundle,org.eclipse.equinox.p2.engine,2.0.1.R36x_v20110201,"org.eclipse.equinox.p2.engine",1302806963247
started,bundle,org.eclipse.equinox.p2.metadata,2.0.1.R36x_v20101202,"org.eclipse.equinox.p2.metadata",1302806963265
started,bundle,org.eclipse.equinox.p2.metadata.repository,1.1.0.v20100513,"org.eclipse.equinox.p2.metadata.repository",1302806963288
started,bundle,org.eclipse.equinox.p2.operations,2.0.0.v20100510,"org.eclipse.equinox.p2.operations",1302806963317
started,bundle,org.eclipse.equinox.p2.reconciler.dropins,1.1.2.R36x_v20110114,"org.eclipse.equinox.p2.reconciler.dropins",1302806963333
started,bundle,org.eclipse.equinox.p2.repository,2.0.2.R36x_v20110111-1500,"org.eclipse.equinox.p2.repository",1302806963344
started,bundle,org.eclipse.equinox.p2.ui.sdk.scheduler,1.0.0.v20100507-1815,"org.eclipse.equinox.p2.ui.sdk.scheduler",1302806963361
started,bundle,org.eclipse.equinox.p2.updatechecker,1.1.101.R36x_v20100823,"org.eclipse.equinox.p2.updatechecker",1302806963406
started,bundle,org.eclipse.equinox.preferences,3.3.0.v20100503,"org.eclipse.equinox.preferences",1302806963443
started,bundle,org.eclipse.equinox.registry,3.5.0.v20100503,"org.eclipse.equinox.registry",1302806963457
started,bundle,org.eclipse.equinox.security,1.0.200.v20100503,"org.eclipse.equinox.security",1302806963472
started,bundle,org.eclipse.equinox.util,1.0.200.v20100503,"org.eclipse.equinox.util",1302806963493
started,bundle,org.eclipse.help,3.5.0.v20100524,"org.eclipse.help",1302806963515
started,bundle,org.eclipse.jface,3.6.2.M20110210-1200,"org.eclipse.jface",1302806963533
started,bundle,org.eclipse.ltk.core.refactoring,3.5.101.r362_v20101117-0800,"org.eclipse.ltk.core.refactoring",1302806963544
started,bundle,org.eclipse.mylyn.bugzilla.core,3.4.2.v20100902-0100-e3x,"org.eclipse.mylyn.bugzilla.core",1302806963564
started,bundle,org.eclipse.mylyn.commons.net,3.4.1.v20100625-2100-e3x,"org.eclipse.mylyn.commons.net",1302806963564
started,bundle,org.eclipse.mylyn.commons.ui,3.4.0.v20100608-0100-e3x,"org.eclipse.mylyn.commons.ui",1302806963576
started,bundle,org.eclipse.mylyn.monitor.ui,3.4.1.v20110131-0100-e3x,"org.eclipse.mylyn.monitor.ui",1302806963612
started,bundle,org.eclipse.php.core,2.2.1.v20101001-2300,"org.eclipse.php.core",1302806963647
started,bundle,org.eclipse.php.ui,2.2.1.v20101001-2300,"org.eclipse.php.ui",1302806963687
started,bundle,org.eclipse.team.core,3.5.101.R36x_v20110203-1036,"org.eclipse.team.core",1302806963725
started,bundle,org.eclipse.ui,3.6.2.M20110203-1100,"org.eclipse.ui",1302806963764
started,bundle,org.eclipse.ui.editors,3.6.1.r361_v20100825-0800,"org.eclipse.ui.editors",1302806963789
started,bundle,org.eclipse.ui.ide,3.6.2.M20101201-0800,"org.eclipse.ui.ide",1302806963807
started,bundle,org.eclipse.ui.net,1.2.100.I20100505-1245,"org.eclipse.ui.net",1302806963819
started,bundle,org.eclipse.ui.views,3.5.1.M20110202-0800,"org.eclipse.ui.views",1302806963848
started,bundle,org.eclipse.ui.workbench,3.6.2.M20110210-1200,"org.eclipse.ui.workbench",1302806963857
started,bundle,org.eclipse.ui.workbench.texteditor,3.6.1.r361_v20100714-0800,"org.eclipse.ui.workbench.texteditor",1302806963867
started,bundle,org.eclipse.update.configurator,3.3.100.v20100512,"org.eclipse.update.configurator",1302806963888
started,bundle,org.eclipse.wst.jsdt.core,1.1.4.v201102102045,"org.eclipse.wst.jsdt.core",1302806963931
started,bundle,org.eclipse.wst.jsdt.manipulation,1.0.200.v201004150600,"org.eclipse.wst.jsdt.manipulation",1302806963963
started,bundle,org.eclipse.wst.jsdt.ui,1.1.4.v201102160540,"org.eclipse.wst.jsdt.ui",1302806963964
started,bundle,org.eclipse.wst.sse.core,1.1.504.v201102160550,"org.eclipse.wst.sse.core",1302806963995
started,bundle,org.eclipse.wst.sse.ui,1.2.3.v201102102045,"org.eclipse.wst.sse.ui",1302806964031
os,sysinfo,,,"win32",1302806964039
arch,sysinfo,,,"x86_64",1302806964039
ws,sysinfo,,,"win32",1302806964039
locale,sysinfo,,,"pt_BR",1302806964039
processors,sysinfo,,,"2",1302806964039
java.runtime.name,sysinfo,,,"Java(TM) SE Runtime Environment",1302806964039
java.runtime.version,sysinfo,,,"1.6.0_15-b03",1302806964039
java.specification.name,sysinfo,,,"Java Platform API Specification",1302806964039
java.specification.vendor,sysinfo,,,"Sun Microsystems Inc.",1302806964039
java.specification.version,sysinfo,,,"1.6",1302806964039
java.vendor,sysinfo,,,"Sun Microsystems Inc.",1302806964039
java.version,sysinfo,,,"1.6.0_15",1302806964039
java.vm.info,sysinfo,,,"mixed mode",1302806964039
java.vm.name,sysinfo,,,"Java HotSpot(TM) 64-Bit Server VM",1302806964039
java.vm.specification.name,sysinfo,,,"Java Virtual Machine Specification",1302806964039
java.vm.specification.vendor,sysinfo,,,"Sun Microsystems Inc.",1302806964039
java.vm.specification.version,sysinfo,,,"1.0",1302806964039
java.vm.vendor,sysinfo,,,"Sun Microsystems Inc.",1302806964039
java.vm.version,sysinfo,,,"14.1-b02",1302806964039
started,bundle,org.eclipse.mylyn.context.core,3.4.1.v20100909-0100-e3x,"org.eclipse.mylyn.context.core",1302806964083
started,bundle,org.eclipse.mylyn.context.ui,3.4.2.v20110131-0100-e3x,"org.eclipse.mylyn.context.ui",1302806964113
started,bundle,org.eclipse.mylyn.tasks.ui,3.4.3.v20110131-0100-e3x,"org.eclipse.mylyn.tasks.ui",1302806964384
started,bundle,org.eclipse.mylyn.team.ui,3.4.3.v20110131-0100-e3x,"org.eclipse.mylyn.team.ui",1302806964396
started,bundle,org.eclipse.php.debug.daemon,2.2.0.v20101001-2300,"org.eclipse.php.debug.daemon",1302806964548
started,bundle,org.eclipse.update.scheduler,3.2.300.v20100512,"org.eclipse.update.scheduler",1302806964551
started,bundle,org.eclipse.update.core,3.2.402.R36x_v20100629,"org.eclipse.update.core",1302806964767
started,bundle,org.eclipse.epp.usagedata.ui,1.3.1.R201102081640,"org.eclipse.epp.usagedata.ui",1302806965349
started,bundle,org.eclipse.debug.ui,3.6.3.v20101201_r362,"org.eclipse.debug.ui",1302806965583
started,bundle,org.eclipse.dltk.core.index.sql.h2,2.0.1.v20100909-1720,"org.eclipse.dltk.core.index.sql.h2",1302806965659
started,bundle,org.eclipse.jsch.core,1.1.200.I20100505-1245,"org.eclipse.jsch.core",1302806965761
started,bundle,org.eclipse.php.server.core,2.2.0.v20101001-2300,"org.eclipse.php.server.core",1302806965762
started,bundle,org.eclipse.team.cvs.core,3.3.301.R36x_v20110119-0815,"org.eclipse.team.cvs.core",1302806965896
started,bundle,org.eclipse.team.ui,3.5.102.R36x_v20110203-1036,"org.eclipse.team.ui",1302806966091
started,bundle,org.eclipse.ui.console,3.5.0.v20100526,"org.eclipse.ui.console",1302806966138
started,bundle,org.eclipse.php.debug.core,2.2.0.v20101001-2300,"org.eclipse.php.debug.core",1302806966361
started,bundle,org.eclipse.team.cvs.ui,3.3.302.R36x_v20110203-1036,"org.eclipse.team.cvs.ui",1302806966492
started,bundle,org.eclipse.php.debug.ui,2.2.0.v20101001-2300,"org.eclipse.php.debug.ui",1302806967060
deactivated,workbench,org.eclipse.ui.workbench,3.6.2.M20110210-1200,"",1302806968285
activated,workbench,org.eclipse.ui.workbench,3.6.2.M20110210-1200,"",1302806983482
deactivated,workbench,org.eclipse.ui.workbench,3.6.2.M20110210-1200,"",1302806985830
activated,workbench,org.eclipse.ui.workbench,3.6.2.M20110210-1200,"",1302806988418
started,bundle,org.eclipse.wst.xml.ui,1.1.103.v201101122108,"org.eclipse.wst.xml.ui",1302806989816
started,bundle,org.eclipse.wst.html.ui,1.0.504.v201101122108,"org.eclipse.wst.html.ui",1302806989838
started,bundle,org.eclipse.wst.html.core,1.1.404.v201101190004,"org.eclipse.wst.html.core",1302806990097
started,bundle,org.eclipse.wst.xml.core,1.1.503.v201102102045,"org.eclipse.wst.xml.core",1302806990182
started,bundle,org.eclipse.wst.css.core,1.1.402.v201102031915,"org.eclipse.wst.css.core",1302806991452
started,bundle,org.eclipse.wst.common.uriresolver,1.1.401.v201004280700,"org.eclipse.wst.common.uriresolver",1302806991479
started,bundle,org.eclipse.wst.jsdt.web.ui,1.0.304.v201012160349,"org.eclipse.wst.jsdt.web.ui",1302806991868
started,bundle,org.eclipse.wst.jsdt.web.core,1.0.304.v201102160550,"org.eclipse.wst.jsdt.web.core",1302806991912
started,bundle,org.eclipse.emf.common,2.6.0.v20100914-1218,"org.eclipse.emf.common",1302806992227
started,bundle,org.eclipse.wst.css.ui,1.0.502.v201101122002,"org.eclipse.wst.css.ui",1302806992552
started,bundle,org.eclipse.search,3.6.0.v20100520-0800,"org.eclipse.search",1302806993583
started,bundle,org.eclipse.wst.dtd.ui,1.0.500.v201004290328,"org.eclipse.wst.dtd.ui",1302806993810
started,bundle,org.eclipse.compare.core,3.5.101.R36x_v20100929-0800,"org.eclipse.compare.core",1302806994208
opened,editor,org.eclipse.php.ui,2.2.1.v20101001-2300,"org.eclipse.php.editor",1302806994956
deactivated,workbench,org.eclipse.ui.workbench,3.6.2.M20110210-1200,"",1302806994995
started,bundle,org.eclipse.wst.validation,1.2.201.v201101270100,"org.eclipse.wst.validation",1302806995033
activated,workbench,org.eclipse.ui.workbench,3.6.2.M20110210-1200,"",1302806995440
activated,editor,org.eclipse.php.ui,2.2.1.v20101001-2300,"org.eclipse.php.editor",1302806995795
started,bundle,org.eclipse.wst.common.frameworks,1.2.0.v201003040800,"org.eclipse.wst.common.frameworks",1302807002880
started,bundle,org.eclipse.emf.ecore,2.6.1.v20100914-1218,"org.eclipse.emf.ecore",1302807003008
started,bundle,org.eclipse.wst.common.emf,1.2.3.v201012100400,"org.eclipse.wst.common.emf",1302807003051
started,bundle,org.eclipse.jem.util,2.1.3.v201012070000,"org.eclipse.jem.util",1302807003097
started,bundle,org.eclipse.emf.ecore.xmi,2.5.0.v20100521-1846,"org.eclipse.emf.ecore.xmi",1302807003131
started,bundle,org.eclipse.wst.common.emfworkbench.integration,1.2.3.v201012020600,"org.eclipse.wst.common.emfworkbench.integration",1302807003141
started,bundle,org.eclipse.wst.common.project.facet.core,1.4.102.v201008170019,"org.eclipse.wst.common.project.facet.core",1302807003152
started,bundle,org.eclipse.wst.common.core,1.2.0.v200908252030,"org.eclipse.wst.common.core",1302807003322
started,bundle,org.eclipse.wst.common.modulecore,1.2.5.v201101270100,"org.eclipse.wst.common.modulecore",1302807003327
started,bundle,org.eclipse.wst.xsl.core,1.1.0.v201004290328,"org.eclipse.wst.xsl.core",1302807003367
started,bundle,org.eclipse.wst.xsl.exslt.core,1.0.0.v201005240426,"org.eclipse.wst.xsl.exslt.core",1302807003389
started,bundle,org.eclipse.wst.dtd.core,1.1.401.v201101122255,"org.eclipse.wst.dtd.core",1302807003750
started,bundle,org.eclipse.wst.internet.cache,1.0.400.v201004280700,"org.eclipse.wst.internet.cache",1302807004127
executed,command,org.eclipse.wst.sse.ui,1.2.3.v201102102045,"org.eclipse.wst.sse.ui.format.active.elements",1302807004780
executed,command,org.eclipse.ui,3.6.2.M20110203-1100,"org.eclipse.ui.file.save",1302807011120
deactivated,workbench,org.eclipse.ui.workbench,3.6.2.M20110210-1200,"",1302807013316
activated,workbench,org.eclipse.ui.workbench,3.6.2.M20110210-1200,"",1302807016187
activated,view,org.eclipse.php.ui,2.2.1.v20101001-2300,"org.eclipse.php.ui.explorer",1302807017737
closed,editor,org.eclipse.php.ui,2.2.1.v20101001-2300,"org.eclipse.php.editor",1302807017738
deactivated,workbench,org.eclipse.ui.workbench,3.6.2.M20110210-1200,"",1302807018526
activated,workbench,org.eclipse.ui.workbench,3.6.2.M20110210-1200,"",1302807346430
deactivated,workbench,org.eclipse.ui.workbench,3.6.2.M20110210-1200,"",1302807357424
activated,workbench,org.eclipse.ui.workbench,3.6.2.M20110210-1200,"",1302807671130
deactivated,workbench,org.eclipse.ui.workbench,3.6.2.M20110210-1200,"",1302807671581
activated,workbench,org.eclipse.ui.workbench,3.6.2.M20110210-1200,"",1302809245803
deactivated,workbench,org.eclipse.ui.workbench,3.6.2.M20110210-1200,"",1302809249750
activated,workbench,org.eclipse.ui.workbench,3.6.2.M20110210-1200,"",1302809254519
deactivated,workbench,org.eclipse.ui.workbench,3.6.2.M20110210-1200,"",1302809254644
activated,workbench,org.eclipse.ui.workbench,3.6.2.M20110210-1200,"",1302809256687
closed,workbench,org.eclipse.ui.workbench,3.6.2.M20110210-1200,"",1302809256832
started,bundle,org.eclipse.compare,3.5.101.R36x_v20100929-0800,"org.eclipse.compare",1302809258021
stopped,bundle,org.eclipse.compare.win32,1.0.101.R36x_v20101103-0618,"org.eclipse.compare.win32",1302809258652
stopped,bundle,org.eclipse.dltk.testing,1.0.0.v20090914-1703,"org.eclipse.dltk.testing",1302809258718
stopped,bundle,org.eclipse.php.server.ui,2.2.0.v20101001-2300,"org.eclipse.php.server.ui",1302809258732
stopped,bundle,org.eclipse.php.debug.ui,2.2.0.v20101001-2300,"org.eclipse.php.debug.ui",1302809258732
stopped,bundle,org.eclipse.dltk.debug.ui,2.0.0.v20100115-2213,"org.eclipse.dltk.debug.ui",1302809258781
stopped,bundle,org.eclipse.dltk.formatter,2.0.0.v20100304-1959,"org.eclipse.dltk.formatter",1302809258841
stopped,bundle,org.eclipse.dltk.rse.ui,2.0.0.v20100115-2213,"org.eclipse.dltk.rse.ui",1302809258889
stopped,bundle,org.eclipse.dltk.validators.externalchecker,1.0.0.v20090803-1754,"org.eclipse.dltk.validators.externalchecker",1302809258891
stopped,bundle,org.eclipse.dltk.validators.ui,2.0.0.v20091214-1712,"org.eclipse.dltk.validators.ui",1302809258983
stopped,bundle,org.eclipse.php.debug.core,2.2.0.v20101001-2300,"org.eclipse.php.debug.core",1302809258983
stopped,bundle,org.eclipse.php.ui,2.2.1.v20101001-2300,"org.eclipse.php.ui",1302809258984
stopped,bundle,org.eclipse.dltk.ui,2.0.0.v20100909-1720,"org.eclipse.dltk.ui",1302809258984
stopped,bundle,org.eclipse.equinox.p2.ui.sdk,1.0.100.v20100513,"org.eclipse.equinox.p2.ui.sdk",1302809259136
stopped,bundle,org.eclipse.wst.xsl.jaxp.debug.ui,1.0.100.v201004290328,"org.eclipse.wst.xsl.jaxp.debug.ui",1302809259198
activated,perspective,org.eclipse.php.ui,,"org.eclipse.php.perspective",1306076513509
started,bundle,org.eclipse.osgi,3.6.2.R36x_v20110210,"org.eclipse.osgi",1306076513511
started,bundle,org.eclipse.equinox.simpleconfigurator,1.0.200.v20100503,"org.eclipse.equinox.simpleconfigurator",1306076513547
started,bundle,com.ibm.icu,4.2.1.v20100412,"com.ibm.icu",1306076513579
started,bundle,org.eclipse.core.contenttype,3.4.100.v20100505-1235,"org.eclipse.core.contenttype",1306076513591
started,bundle,org.eclipse.core.databinding.observable,1.3.0.I20100601-0800,"org.eclipse.core.databinding.observable",1306076513622
started,bundle,org.eclipse.core.expressions,3.4.200.v20100505,"org.eclipse.core.expressions",1306076513637
started,bundle,org.eclipse.core.filebuffers,3.5.100.v20100520-0800,"org.eclipse.core.filebuffers",1306076513656
started,bundle,org.eclipse.core.filesystem,1.3.1.R36x_v20100727-0745,"org.eclipse.core.filesystem",1306076513662
started,bundle,org.eclipse.core.jobs,3.5.1.R36x_v20100824,"org.eclipse.core.jobs",1306076513693
started,bundle,org.eclipse.core.net,1.2.100.I20100511-0800,"org.eclipse.core.net",1306076513721
started,bundle,org.eclipse.core.resources,3.6.1.R36x_v20110131-1630,"org.eclipse.core.resources",1306076513733
started,bundle,org.eclipse.core.runtime,3.6.0.v20100505,"org.eclipse.core.runtime",1306076513753
started,bundle,org.eclipse.core.runtime.compatibility,3.2.100.v20100505,"org.eclipse.core.runtime.compatibility",1306076513782
started,bundle,org.eclipse.core.runtime.compatibility.auth,3.2.200.v20100517,"org.eclipse.core.runtime.compatibility.auth",1306076513801
started,bundle,org.eclipse.debug.core,3.6.0.v20100519,"org.eclipse.debug.core",1306076513818
started,bundle,org.eclipse.dltk.core,2.0.1.v20100806-1245,"org.eclipse.dltk.core",1306076513844
started,bundle,org.eclipse.dltk.core.index.sql,2.0.1.v20100909-1720,"org.eclipse.dltk.core.index.sql",1306076513866
started,bundle,org.eclipse.dltk.launching,2.0.0.v20100806-1245,"org.eclipse.dltk.launching",1306076513873
started,bundle,org.eclipse.dltk.ui,2.0.0.v20100909-1720,"org.eclipse.dltk.ui",1306076513899
started,bundle,org.eclipse.epp.usagedata.gathering,1.3.1.R201102081640,"org.eclipse.epp.usagedata.gathering",1306076513900
started,bundle,org.eclipse.epp.usagedata.recording,1.3.1.R201102081640,"org.eclipse.epp.usagedata.recording",1306076513930
started,bundle,org.eclipse.equinox.app,1.3.1.R36x_v20100803,"org.eclipse.equinox.app",1306076513937
started,bundle,org.eclipse.equinox.common,3.6.0.v20100503,"org.eclipse.equinox.common",1306076513950
started,bundle,org.eclipse.equinox.ds,1.2.1.R36x_v20100803,"org.eclipse.equinox.ds",1306076513958
started,bundle,org.eclipse.equinox.event,1.2.0.v20100503,"org.eclipse.equinox.event",1306076513982
started,bundle,org.eclipse.equinox.p2.core,2.0.3.R36x_v20110111,"org.eclipse.equinox.p2.core",1306076513992
started,bundle,org.eclipse.equinox.p2.directorywatcher,1.0.203.R36x_v20101220,"org.eclipse.equinox.p2.directorywatcher",1306076513999
started,bundle,org.eclipse.equinox.p2.engine,2.0.1.R36x_v20110201,"org.eclipse.equinox.p2.engine",1306076514016
started,bundle,org.eclipse.equinox.p2.metadata,2.0.1.R36x_v20101202,"org.eclipse.equinox.p2.metadata",1306076514042
started,bundle,org.eclipse.equinox.p2.metadata.repository,1.1.0.v20100513,"org.eclipse.equinox.p2.metadata.repository",1306076514069
started,bundle,org.eclipse.equinox.p2.operations,2.0.0.v20100510,"org.eclipse.equinox.p2.operations",1306076514104
started,bundle,org.eclipse.equinox.p2.reconciler.dropins,1.1.2.R36x_v20110114,"org.eclipse.equinox.p2.reconciler.dropins",1306076514127
started,bundle,org.eclipse.equinox.p2.repository,2.0.2.R36x_v20110111-1500,"org.eclipse.equinox.p2.repository",1306076514143
started,bundle,org.eclipse.equinox.p2.ui.sdk.scheduler,1.0.0.v20100507-1815,"org.eclipse.equinox.p2.ui.sdk.scheduler",1306076514155
started,bundle,org.eclipse.equinox.p2.updatechecker,1.1.101.R36x_v20100823,"org.eclipse.equinox.p2.updatechecker",1306076514169
started,bundle,org.eclipse.equinox.preferences,3.3.0.v20100503,"org.eclipse.equinox.preferences",1306076514195
started,bundle,org.eclipse.equinox.registry,3.5.0.v20100503,"org.eclipse.equinox.registry",1306076514218
started,bundle,org.eclipse.equinox.security,1.0.200.v20100503,"org.eclipse.equinox.security",1306076514232
started,bundle,org.eclipse.equinox.util,1.0.200.v20100503,"org.eclipse.equinox.util",1306076514245
started,bundle,org.eclipse.help,3.5.0.v20100524,"org.eclipse.help",1306076514266
started,bundle,org.eclipse.jface,3.6.2.M20110210-1200,"org.eclipse.jface",1306076514276
started,bundle,org.eclipse.ltk.core.refactoring,3.5.101.r362_v20101117-0800,"org.eclipse.ltk.core.refactoring",1306076514288
started,bundle,org.eclipse.mylyn.bugzilla.core,3.4.2.v20100902-0100-e3x,"org.eclipse.mylyn.bugzilla.core",1306076514291
started,bundle,org.eclipse.mylyn.commons.net,3.4.1.v20100625-2100-e3x,"org.eclipse.mylyn.commons.net",1306076514291
started,bundle,org.eclipse.mylyn.commons.ui,3.4.0.v20100608-0100-e3x,"org.eclipse.mylyn.commons.ui",1306076514303
started,bundle,org.eclipse.mylyn.monitor.ui,3.4.1.v20110131-0100-e3x,"org.eclipse.mylyn.monitor.ui",1306076514357
started,bundle,org.eclipse.php.core,2.2.1.v20101001-2300,"org.eclipse.php.core",1306076514407
started,bundle,org.eclipse.php.ui,2.2.1.v20101001-2300,"org.eclipse.php.ui",1306076514435
started,bundle,org.eclipse.team.core,3.5.101.R36x_v20110203-1036,"org.eclipse.team.core",1306076514446
